-- phpMyAdmin SQL Dump
-- version 3.5.4
-- http://www.phpmyadmin.net
--
-- Servidor: localhost
-- Tiempo de generación: 18-01-2013 a las 16:05:17
-- Versión del servidor: 5.5.29
-- Versión de PHP: 5.4.10

SET SQL_MODE="NO_AUTO_VALUE_ON_ZERO";
SET time_zone = "+00:00";


/*!40101 SET @OLD_CHARACTER_SET_CLIENT=@@CHARACTER_SET_CLIENT */;
/*!40101 SET @OLD_CHARACTER_SET_RESULTS=@@CHARACTER_SET_RESULTS */;
/*!40101 SET @OLD_COLLATION_CONNECTION=@@COLLATION_CONNECTION */;
/*!40101 SET NAMES utf8 */;

--
-- Base de datos: `puntolibre`
--

-- --------------------------------------------------------

--
-- Estructura de tabla para la tabla `Asistencia`
--

CREATE TABLE IF NOT EXISTS `Asistencia` (
  `id` int(11) NOT NULL AUTO_INCREMENT,
  `fecha` date NOT NULL,
  `hora_entrada` time NOT NULL,
  `m_hora_entrada` time NOT NULL,
  `hora_salida` time NOT NULL,
  `m_hora_salida` time NOT NULL,
  `nota` text NOT NULL,
  `tipo` int(1) NOT NULL,
  `cedula_persona` varchar(8) NOT NULL,
  `id_punto_libre` int(11) NOT NULL,
  PRIMARY KEY (`id`),
  KEY `cedula_persona` (`cedula_persona`),
  KEY `id_punto_libre` (`id_punto_libre`)
) ENGINE=InnoDB DEFAULT CHARSET=latin1 AUTO_INCREMENT=1 ;

-- --------------------------------------------------------

--
-- Estructura de tabla para la tabla `ContactoIpostel`
--

CREATE TABLE IF NOT EXISTS `ContactoIpostel` (
  `cedula_persona` varchar(8) NOT NULL,
  `id_punto_libre` int(11) NOT NULL,
  PRIMARY KEY (`cedula_persona`,`id_punto_libre`),
  KEY `id_punto_libre` (`id_punto_libre`)
) ENGINE=InnoDB DEFAULT CHARSET=latin1;

-- --------------------------------------------------------

--
-- Estructura de tabla para la tabla `Curso`
--

CREATE TABLE IF NOT EXISTS `Curso` (
  `id` int(11) NOT NULL AUTO_INCREMENT,
  `nombre` varchar(50) NOT NULL,
  `horas` int(11) NOT NULL,
  `fecha_inicio` date NOT NULL,
  `id_punto_libre` int(11) NOT NULL,
  `cedula_instructor` varchar(8) NOT NULL,
  PRIMARY KEY (`id`),
  KEY `id_punto_libre` (`id_punto_libre`),
  KEY `cedula_instructor` (`cedula_instructor`)
) ENGINE=InnoDB DEFAULT CHARSET=latin1 AUTO_INCREMENT=1 ;

-- --------------------------------------------------------

--
-- Estructura de tabla para la tabla `Estado`
--

CREATE TABLE IF NOT EXISTS `Estado` (
  `id` int(11) NOT NULL,
  `nombre` varchar(30) DEFAULT NULL,
  PRIMARY KEY (`id`)
) ENGINE=InnoDB DEFAULT CHARSET=latin1;

--
-- Volcado de datos para la tabla `Estado`
--

INSERT INTO `Estado` (`id`, `nombre`) VALUES
(1, 'Amazonas'),
(2, 'Anzoátegui'),
(3, 'Apure'),
(4, 'Aragua'),
(5, 'Barinas'),
(6, 'Bolívar'),
(7, 'Carabobo'),
(8, 'Cojedes'),
(9, 'Delta Amacuro'),
(10, 'Distrito Capital'),
(11, 'Falcón'),
(12, 'Guárico'),
(13, 'Lara'),
(14, 'Mérida'),
(15, 'Miranda'),
(16, 'Monagas'),
(17, 'Nueva Esparta'),
(18, 'Portuguesa'),
(19, 'Sucre'),
(20, 'Táchira'),
(21, 'Trujillo'),
(22, 'Vargas'),
(23, 'Yaracuy'),
(24, 'Zulia');

-- --------------------------------------------------------

--
-- Estructura de tabla para la tabla `Incidencia`
--

CREATE TABLE IF NOT EXISTS `Incidencia` (
  `id` int(11) NOT NULL AUTO_INCREMENT,
  `descripcion` text NOT NULL,
  `importancia` int(1) NOT NULL,
  `id_punto_libre` int(11) NOT NULL,
  PRIMARY KEY (`id`),
  KEY `id_punto_libre` (`id_punto_libre`)
) ENGINE=InnoDB DEFAULT CHARSET=latin1 AUTO_INCREMENT=1 ;

-- --------------------------------------------------------

--
-- Estructura de tabla para la tabla `Inventario`
--

CREATE TABLE IF NOT EXISTS `Inventario` (
  `id` int(11) NOT NULL AUTO_INCREMENT,
  `num_maq_habilitadas` int(11) NOT NULL,
  `id_punto_libre` int(11) NOT NULL,
  PRIMARY KEY (`id`),
  KEY `id_punto_libre` (`id_punto_libre`)
) ENGINE=InnoDB DEFAULT CHARSET=latin1 AUTO_INCREMENT=1 ;

-- --------------------------------------------------------

--
-- Estructura de tabla para la tabla `Item`
--

CREATE TABLE IF NOT EXISTS `Item` (
  `id` int(11) NOT NULL AUTO_INCREMENT,
  `serial` varchar(30) NOT NULL,
  `nombre` varchar(40) NOT NULL,
  `cantidad` int(11) NOT NULL,
  `id_inventario` int(11) NOT NULL,
  PRIMARY KEY (`id`)
) ENGINE=InnoDB DEFAULT CHARSET=latin1 AUTO_INCREMENT=1 ;

-- --------------------------------------------------------

--
-- Estructura de tabla para la tabla `mensajes`
--

CREATE TABLE IF NOT EXISTS `mensajes` (
  `id` int(11) NOT NULL AUTO_INCREMENT,
  `de` varchar(50) COLLATE utf8_bin NOT NULL,
  `mensaje` varchar(50) COLLATE utf8_bin NOT NULL,
  PRIMARY KEY (`id`)
) ENGINE=MyISAM  DEFAULT CHARSET=utf8 COLLATE=utf8_bin AUTO_INCREMENT=9 ;

--
-- Volcado de datos para la tabla `mensajes`
--

INSERT INTO `mensajes` (`id`, `de`, `mensaje`) VALUES
(1, 'Mi jefe', 'Termina lo que tienes pendiente'),
(2, 'Mama', 'Hijo comunícate'),
(3, 'Profesor', 'Mañana es el examen'),
(4, 'Carlos', 'Págame'),
(5, 'Novia ', 'Ya no me atiendes como antes'),
(6, 'Tio', 'Sobrino cuando vienes?'),
(7, 'Abuela', 'Querido nieto te he hecho un sueter'),
(8, 'Hermano', 'dónde tiraste mi tablet pc?');

-- --------------------------------------------------------

--
-- Estructura de tabla para la tabla `Municipio`
--

CREATE TABLE IF NOT EXISTS `Municipio` (
  `id` int(11) NOT NULL,
  `nombre` varchar(40) DEFAULT NULL,
  `id_estado` int(11) DEFAULT NULL,
  PRIMARY KEY (`id`),
  KEY `id_estado` (`id_estado`)
) ENGINE=InnoDB DEFAULT CHARSET=latin1;

--
-- Volcado de datos para la tabla `Municipio`
--

INSERT INTO `Municipio` (`id`, `nombre`, `id_estado`) VALUES
(1, 'Alto Orinoco', 1),
(2, 'Atabapo', 1),
(3, 'Atures', 1),
(4, 'Autana', 1),
(5, 'Maroa', 1),
(6, 'Manapiare', 1),
(7, 'Río Negro', 1),
(8, 'Anaco', 2),
(9, 'Aragua', 2),
(10, 'Fernando de Peñalver', 2),
(11, 'Francisco del Carmen Carvajal', 2),
(12, 'Francisco de Miranda', 2),
(13, 'Guanta', 2),
(14, 'Independencia', 2),
(15, 'Juan Antonio Sotillo', 2),
(16, 'Juan Manuel Cajigal', 2),
(17, 'José Gregorio Monagas', 2),
(18, 'Libertad', 2),
(19, 'Manuel Ezequiel Bruzual', 2),
(20, 'Pedro María Freites', 2),
(21, 'Píritu', 2),
(22, 'San José de Guanipa', 2),
(23, 'San Juan de Capistrano', 2),
(24, 'Santa Ana', 2),
(25, 'Simón Bolívar', 2),
(26, 'Simón Rodríguez', 2),
(27, 'Sir Arthur Mc Gregor', 2),
(28, 'Diego Bautista Urbaneja', 2),
(29, 'Achaguas', 3),
(30, 'Biruaca', 3),
(31, 'Muñoz', 3),
(32, 'Páez', 3),
(33, 'Pedro Camejo', 3),
(34, 'Rómulo Gallegos', 3),
(35, 'San Fernando', 3),
(36, 'Bolívar', 4),
(37, 'Camatagua', 4),
(38, 'Girardot', 4),
(39, 'José Angel Lamas', 4),
(40, 'José Félix Ribas', 4),
(41, 'José Rafael Revenga', 4),
(42, 'Libertador', 4),
(43, 'Mario Briceño Iragorry', 4),
(44, 'San Casimiro', 4),
(45, 'San Sebastián', 4),
(46, 'Santiago Mariño', 4),
(47, 'Santos Michelena', 4),
(48, 'Sucre', 4),
(49, 'Tovar', 4),
(50, 'Urdaneta', 4),
(51, 'Zamora', 4),
(52, 'Francisco Linares Alcántara', 4),
(53, 'Ocumare de La Costa de Oro', 4),
(54, 'Alberto Arvelo Torrealba', 5),
(55, 'Antonio José de Sucre', 5),
(56, 'Arismendi', 5),
(57, 'Barinas', 5),
(58, 'Bolívar', 5),
(59, 'Cruz Paredes', 5),
(60, 'Ezequiel Zamora', 5),
(61, 'Obispos', 5),
(62, 'Pedraza', 5),
(63, 'Rojas', 5),
(64, 'Sosa', 5),
(65, 'Andrés Eloy Blanco', 5),
(66, 'Caroní', 6),
(67, 'Cedeño', 6),
(68, 'El Callao', 6),
(69, 'Gran Sabana', 6),
(70, 'Heres', 6),
(71, 'Piar', 6),
(72, 'Raúl Leoni', 6),
(73, 'Roscio', 6),
(74, 'Sifontes', 6),
(75, 'Sucre', 6),
(76, 'Padre Pedro Chien', 6),
(77, 'Bejuma', 7),
(78, 'Carlos Arvelo', 7),
(79, 'Diego Ibarra', 7),
(80, 'Guacara', 7),
(81, 'Juan José Mora', 7),
(82, 'Libertador', 7),
(83, 'Los Guayos', 7),
(84, 'Miranda', 7),
(85, 'Montalbán', 7),
(86, 'Naguanagua', 7),
(87, 'Puerto Cabello', 7),
(88, 'San Diego', 7),
(89, 'San Joaquín', 7),
(90, 'Valencia', 7),
(91, 'Anzoátegui', 8),
(92, 'Falcón', 8),
(93, 'Girardot', 8),
(94, 'Lima Blanco', 8),
(95, 'Pao de San Juan Bautista', 8),
(96, 'Ricaurte', 8),
(97, 'Rómulo Gallegos', 8),
(98, 'San Carlos', 8),
(99, 'Tinaco', 8),
(100, 'Antonio Díaz', 9),
(101, 'Casacoima', 9),
(102, 'Pedernales', 9),
(103, 'Tucupita', 9),
(104, 'Libertador', 10),
(105, 'Acosta', 11),
(106, 'Bolívar', 11),
(107, 'Buchivacoa', 11),
(108, 'Cacique Manaure', 11),
(109, 'Carirubana', 11),
(110, 'Colina', 11),
(111, 'Dabajuro', 11),
(112, 'Democracia', 11),
(113, 'Falcón', 11),
(114, 'Federación', 11),
(115, 'Jacura', 11),
(116, 'Los Teques', 11),
(117, 'Anaco', 11),
(118, 'Mauroa', 11),
(119, 'Miranda', 11),
(120, 'Palmasola', 11),
(121, 'Petit', 11),
(122, 'Píritu', 11),
(123, 'San Francisco', 11),
(124, 'Silva', 11),
(125, 'Sucre', 11),
(126, 'Tocópero', 11),
(127, 'Unión', 11),
(128, 'Urumaco', 11),
(129, 'Zamora', 11),
(130, 'Camaguán', 12),
(131, 'Chaguaramas', 12),
(132, 'El Socorro', 12),
(133, 'San Gerónimo de Guayabal', 12),
(134, 'Leonardo Infante', 12),
(135, 'Las Mercedes', 12),
(136, 'Julián Mellado', 12),
(137, 'Francisco de Miranda', 12),
(138, 'José Tadeo Monagas', 12),
(139, 'Ortiz', 12),
(140, 'José Félix Ribas', 12),
(141, 'Juan Germán Roscio', 12),
(142, 'San José de Guaribe', 12),
(143, 'Santa María de Ipire', 12),
(144, 'Pedro Zaraza', 12),
(145, 'Andrés Eloy Blanco', 13),
(146, 'Crespo', 13),
(147, 'Iribarren', 13),
(148, 'Jiménez', 13),
(149, 'Morán', 13),
(150, 'Palavecino', 13),
(151, 'Simón Planas', 13),
(152, 'Torres', 13),
(153, 'Urdaneta', 13),
(154, 'Alberto Adriani', 14),
(155, 'Andrés Bello', 14),
(156, 'Antonio Pinto Salinas', 14),
(157, 'Aricagua', 14),
(158, 'Arzobispo Chacón', 14),
(159, 'Campo Elías', 14),
(160, 'Caracciolo Parra Olmedo', 14),
(161, 'Cardenal Quintero', 14),
(162, 'Guaraque', 14),
(163, 'Julio César Salas', 14),
(164, 'Justo Briceño', 14),
(165, 'Libertador', 14),
(166, 'Miranda', 14),
(167, 'Obispo Ramos de Lora', 14),
(168, 'Padre Noguera', 14),
(169, 'Pueblo Llano', 14),
(170, 'Rangel', 14),
(171, 'Rivas Dávila', 14),
(172, 'Santos Marquina', 14),
(173, 'Sucre', 14),
(174, 'Tovar', 14),
(175, 'Tulio Febres Cordero', 14),
(176, 'Zea', 14),
(177, 'Acevedo', 15),
(178, 'Andrés Bello', 15),
(179, 'Baruta', 15),
(180, 'Brión', 15),
(181, 'Buroz', 15),
(182, 'Carrizal', 15),
(183, 'Chacao', 15),
(184, 'Cristóbal Rojas', 15),
(185, 'El Hatillo', 15),
(186, 'Guaicaipuro', 15),
(187, 'Independencia', 15),
(188, 'Lander', 15),
(189, 'Los Salias', 15),
(190, 'Páez', 15),
(191, 'Paz Castillo', 15),
(192, 'Pedro Gual', 15),
(193, 'Plaza', 15),
(194, 'Simón Bolívar', 15),
(195, 'Sucre', 15),
(196, 'Urdaneta', 15),
(197, 'Zamora', 15),
(198, 'Acosta', 16),
(199, 'Aguasay', 16),
(200, 'Bolívar', 16),
(201, 'Caripe', 16),
(203, 'Cedeño', 16),
(204, 'Ezequiel Zamora', 16),
(205, 'Libertador', 16),
(206, 'Maturín', 16),
(207, 'Piar', 16),
(208, 'Punceres', 16),
(209, 'Santa Bárbara', 16),
(210, 'Sotillo', 16),
(211, 'Uracoa', 16),
(212, 'Antolín del Campo', 17),
(213, 'Arismendi', 17),
(214, 'Díaz', 17),
(215, 'García', 17),
(216, 'Gómez', 17),
(217, 'Maneiro', 17),
(218, 'Marcano', 17),
(219, 'Mariño', 17),
(220, 'Península de Macanao', 17),
(221, 'Tubores', 17),
(222, 'Villalba', 17),
(223, 'Agua Blanca', 18),
(224, 'Araure', 18),
(225, 'Esteller', 18),
(226, 'Guanare', 18),
(227, 'Guanarito', 18),
(228, 'Monseñor José Vicente de Unda', 18),
(229, 'Ospino', 18),
(230, 'Páez', 18),
(231, 'Papelón', 18),
(232, 'San Genaro de Boconoito', 18),
(233, 'San Rafael de Onoto', 18),
(234, 'Santa Rosalía', 18),
(235, 'Sucre', 18),
(236, 'Turén', 18),
(237, 'Andrés Eloy Blanco', 19),
(238, 'Andrés Mata', 19),
(239, 'Arismendi', 19),
(240, 'Benítez', 19),
(241, 'Bermúdez', 19),
(242, 'Bolívar', 19),
(243, 'Cajigal', 19),
(244, 'Cruz Salmerón Acosta', 19),
(245, 'Libertador', 19),
(246, 'Mariño', 19),
(247, 'Mejía', 19),
(248, 'Montes', 19),
(249, 'Ribero', 19),
(250, 'Sucre', 19),
(251, 'Valdéz', 19),
(252, 'Andrés Bello', 20),
(253, 'Antonio Rómulo Costa', 20),
(254, 'Ayacucho', 20),
(255, 'Bolívar', 20),
(256, 'Cárdenas', 20),
(257, 'Córdoba', 20),
(258, 'Fernández Feo', 20),
(259, 'Francisco de Miranda', 20),
(260, 'García de Hevia', 20),
(261, 'Guásimos', 20),
(262, 'Independencia', 20),
(263, 'Jáuregui', 20),
(264, 'José María Vargas', 20),
(265, 'Junín', 20),
(266, 'Libertad', 20),
(267, 'Libertador', 20),
(268, 'Lobatera', 20),
(269, 'Michelena', 20),
(270, 'Panamericano', 20),
(271, 'Pedro María Ureña', 20),
(272, 'Rafael Urdaneta', 20),
(273, 'Samuel Darío Maldonado', 20),
(274, 'San Cristóbal', 20),
(275, 'Seboruco', 20),
(276, 'Simón Rodríguez', 20),
(277, 'Sucre', 20),
(278, 'Torbes', 20),
(279, 'Uribante', 20),
(280, 'San Judas Tadeo', 20),
(281, 'Andrés Bello', 21),
(282, 'Boconó', 21),
(283, 'Bolívar', 21),
(284, 'Candelaria', 21),
(285, 'Carache', 21),
(286, 'Escuque', 21),
(287, 'José Felipe Márquez Cañizales', 21),
(288, 'Juan Vicente Campo Elías', 21),
(289, 'La Ceiba', 21),
(290, 'Miranda', 21),
(291, 'Monte Carmelo', 21),
(292, 'Motatán', 21),
(293, 'Pampán', 21),
(294, 'Pampanito', 21),
(295, 'Rafael Rangel', 21),
(296, 'San Rafael de Carvajal', 21),
(297, 'Sucre', 21),
(298, 'Trujillo', 21),
(299, 'Urdaneta', 21),
(300, 'Valera', 21),
(301, 'Vargas', 22),
(302, 'Arístides Bastidas', 23),
(303, 'Bolívar', 23),
(304, 'Bruzual', 23),
(305, 'Cocorote', 23),
(306, 'Independencia', 23),
(307, 'José Antonio Páez', 23),
(308, 'La Trinidad', 23),
(309, 'Manuel Monge', 23),
(310, 'Nirgua', 23),
(311, 'Peña', 23),
(312, 'San Felipe', 23),
(313, 'Sucre', 23),
(314, 'Urachiche', 23),
(315, 'Veroes', 23),
(316, 'Almirante Padilla', 24),
(317, 'Baralt', 24),
(318, 'Cabimas', 24),
(319, 'Catatumbo', 24),
(320, 'Colón', 24),
(321, 'Francisco Javier Pulgar', 24),
(322, 'Jesús Enrique Lossada', 24),
(323, 'Jesús María Semprún', 24),
(324, 'La Cañada de Urdaneta', 24),
(325, 'Lagunillas', 24),
(326, 'Machiques de Perijá', 24),
(327, 'Mara', 24),
(328, 'Maracaibo', 24),
(329, 'Miranda', 24),
(330, 'Páez', 24),
(331, 'Rosario de Perijá', 24),
(332, 'San Francisco', 24),
(333, 'Santa Rita', 24),
(334, 'Simón Bolívar', 24),
(335, 'Sucre', 24),
(336, 'Valmore Rodríguez', 24);

-- --------------------------------------------------------

--
-- Estructura de tabla para la tabla `Parroquia`
--

CREATE TABLE IF NOT EXISTS `Parroquia` (
  `id` int(11) NOT NULL AUTO_INCREMENT,
  `nombre` varchar(40) DEFAULT NULL,
  `id_municipio` int(11) DEFAULT NULL,
  PRIMARY KEY (`id`)
) ENGINE=InnoDB  DEFAULT CHARSET=latin1 AUTO_INCREMENT=1133 ;

--
-- Volcado de datos para la tabla `Parroquia`
--

INSERT INTO `Parroquia` (`id`, `nombre`, `id_municipio`) VALUES
(1, 'La Esmeralda', 1),
(2, 'Huachamacare', 1),
(3, 'Marawaka', 1),
(4, 'Mavaca', 1),
(5, 'Sierra Parima', 1),
(6, 'Ucata', 2),
(7, 'Yapacana', 2),
(8, 'Caname', 2),
(9, 'Fernando Girón Tovar', 3),
(10, 'Luis Alberto Gómez', 3),
(11, 'Parhueña', 3),
(12, 'Platanillal', 3),
(13, 'Samariapo', 4),
(14, 'Sipapo', 4),
(15, 'Munduapo', 4),
(16, 'Guayapo', 4),
(17, 'Comunidad', 5),
(18, 'Victorino', 5),
(19, 'Alto Ventuari', 6),
(20, 'Medio Ventuari', 6),
(21, 'Bajo Ventuari', 6),
(22, 'Río Negro', 7),
(23, 'Solano', 7),
(24, 'Casiquiare', 7),
(25, 'Cocuy', 7),
(26, 'Anaco', 8),
(27, 'Joaquín', 8),
(28, 'Aragua (Aragua de Barcelona);', 9),
(29, 'Cachipo', 9),
(30, 'Fernando de Peñalver', 10),
(31, 'San Miguel', 10),
(32, 'Sucre', 10),
(33, 'Valle de Guanape', 11),
(34, 'Santa Bárbara', 11),
(35, 'Francisco de Miranda (Pariaguán);', 12),
(36, 'Atapirire', 12),
(37, 'Boca del Pao', 12),
(38, 'El Pao', 12),
(39, 'Múcura', 12),
(40, 'Guanta', 13),
(41, 'Chorrerón', 13),
(42, 'Independencia (Soledad);', 14),
(43, 'Mamo', 14),
(44, 'Puerto La Cruz', 15),
(45, 'Pozuelos', 15),
(46, 'Onoto', 16),
(47, 'San Pablo', 16),
(48, 'José Gregorio Monagas', 17),
(49, 'Piar', 17),
(50, 'San Diego de Cabrutica', 17),
(51, 'Santa Clara', 17),
(52, 'Uverito', 17),
(53, 'Zuata', 17),
(54, 'Libertad (San Mateo);', 18),
(55, 'El Carito', 18),
(56, 'Santa Inés', 18),
(57, 'Clarines', 19),
(58, 'Guanape', 19),
(59, 'Sabana de Uchire', 19),
(60, 'Pedro María Freites (Cantaura);', 20),
(61, 'Libertador', 20),
(62, 'Santa Rosa', 20),
(63, 'Píritu', 21),
(64, 'San Francisco', 21),
(65, 'San José de Guanipa', 22),
(66, 'Boca de Uchire', 23),
(67, 'Boca de Chávez', 23),
(68, 'Santa Ana', 24),
(69, 'Pueblo Nuevo', 24),
(70, 'El Carmen', 25),
(71, 'San Cristóbal', 25),
(72, 'Bergantín', 25),
(73, 'Caigua', 25),
(74, 'El Pilar', 25),
(75, 'Naricual', 25),
(76, 'Edmundo Barrios', 26),
(77, 'Miguel Otero Silva', 26),
(78, 'El Chaparro', 27),
(79, 'Tomás Alfaro Calatrava', 27),
(80, 'Lecherías', 28),
(81, 'El Morro', 28),
(82, 'Achaguas', 29),
(83, 'Apurito', 29),
(84, 'El Yagual', 29),
(85, 'Guachara', 29),
(86, 'Mucuritas', 29),
(87, 'Queseras del Medio', 29),
(88, 'Biruaca', 30),
(89, 'Bruzual', 31),
(90, 'Mantecal', 31),
(91, 'Quintero', 31),
(92, 'Rincón Hondo', 31),
(93, 'San Vicente', 31),
(94, 'Guasdualito', 32),
(95, 'Aramendi', 32),
(96, 'El Amparo', 32),
(97, 'San Camilo', 32),
(98, 'Urdaneta', 32),
(99, 'San Juan de Payara', 33),
(100, 'Codazzi', 33),
(101, 'Cunaviche', 33),
(102, 'Elorza', 34),
(103, 'La Trinidad', 34),
(104, 'San Fernando', 35),
(105, 'El Recreo', 35),
(106, 'Peñalver', 35),
(107, 'San Rafael de Atamaica', 35),
(108, 'Bolívar', 36),
(109, 'Camatagua', 37),
(110, 'Carmen de Cura', 37),
(111, 'Choroní', 38),
(112, 'Las Delicias', 38),
(113, 'Madre María de San José', 38),
(114, 'Joaquín Crespo', 38),
(115, 'Pedro José Ovalles', 38),
(116, 'José Casanova Godoy', 38),
(117, 'Andrés Eloy Blanco', 38),
(118, 'Los Tacariguas', 38),
(119, 'José Angel Lamas', 39),
(120, 'José Félix Ribas', 40),
(121, 'Castor Nieves Ríos', 40),
(122, 'Las Guacamayas', 40),
(123, 'Pao de Zárate', 40),
(124, 'Zuata', 40),
(125, 'José Rafael Revenga', 41),
(126, 'Libertador', 42),
(127, 'San Martín de Porres', 42),
(128, 'Mario Briceño Iragorry', 43),
(129, 'Caña de Azúcar', 43),
(130, 'San Casimiro', 44),
(131, 'Güiripa', 44),
(132, 'Ollas de Caramacate', 44),
(133, 'Valle Morín', 44),
(134, 'San Sebastián', 45),
(135, 'Santiago Mariño', 46),
(136, 'Arévalo Aponte', 46),
(137, 'Chuao', 46),
(138, 'Samán de Güere', 46),
(139, 'Alfredo Pacheco Miranda', 46),
(140, 'Santos Michelena', 47),
(141, 'Tiara', 47),
(142, 'Sucre', 48),
(143, 'Bella Vista', 48),
(144, 'Tovar', 49),
(145, 'Urdaneta', 50),
(146, 'Las Peñitas', 50),
(147, 'San Francisco de Cara', 50),
(148, 'Taguay', 50),
(149, 'Zamora', 51),
(150, 'Magdaleno', 51),
(151, 'San Francisco de Asís', 51),
(152, 'Valles de Tucutunemo', 51),
(153, 'Augusto Mijares', 51),
(154, 'Francisco Linares Alcántara', 52),
(155, 'Francisco de Miranda', 52),
(156, 'Monseñor Feliciano González', 52),
(157, 'Ocumare de La Costa de Oro', 53),
(158, 'Sabaneta', 54),
(159, 'Rodríguez Domínguez', 54),
(160, 'Ticoporo', 55),
(161, 'Andrés Bello', 55),
(162, 'Nicolás Pulido', 55),
(163, 'Arismendi', 56),
(164, 'Guadarrama', 56),
(165, 'La Unión', 56),
(166, 'San Antonio', 56),
(167, 'Barinas', 57),
(168, 'Alfredo Arvelo Larriva', 57),
(169, 'San Silvestre', 57),
(170, 'Santa Inés', 57),
(171, 'Santa Lucía', 57),
(172, 'Torunos', 57),
(173, 'El Carmen', 57),
(174, 'Rómulo Betancourt', 57),
(175, 'Corazón de Jesús', 57),
(176, 'Ramón Ignacio Méndez', 57),
(177, 'Alto Barinas', 57),
(178, 'Manuel Palacio Fajardo', 57),
(179, 'Juan Antonio Rodríguez Domínguez', 57),
(180, 'Dominga Ortiz de Páez', 57),
(181, 'Barinitas', 58),
(182, 'Altamira', 58),
(183, 'Calderas', 58),
(184, 'Barrancas', 59),
(185, 'El Socorro', 59),
(186, 'Masparrito', 59),
(187, 'Santa Bárbara', 60),
(188, 'José Ignacio del Pumar', 60),
(189, 'Pedro Briceño Méndez', 60),
(190, 'Ramón Ignacio Méndez', 60),
(191, 'Obispos', 61),
(192, 'El Real', 61),
(193, 'La Luz', 61),
(194, 'Los Guasimitos', 61),
(195, 'Ciudad Bolivia', 62),
(196, 'Ignacio Briceño', 62),
(197, 'José Félix Ribas', 62),
(198, 'Páez', 62),
(199, 'Libertad', 63),
(200, 'Dolores', 63),
(201, 'Palacios Fajardo', 63),
(202, 'Santa Rosa', 63),
(203, 'Ciudad de Nutrias', 64),
(204, 'El Regalo', 64),
(205, 'Puerto de Nutrias', 64),
(206, 'Santa Catalina', 64),
(207, 'El Cantón', 65),
(208, 'Santa Cruz de Guacas', 65),
(209, 'Puerto Vivas', 65),
(210, 'Cachamay', 66),
(211, 'Chirica', 66),
(212, 'Dalla Costa', 66),
(213, 'Once de Abril', 66),
(214, 'Simón Bolívar', 66),
(215, 'Unare', 66),
(216, 'Universidad', 66),
(217, 'Vista al Sol', 66),
(218, 'Pozo Verde', 66),
(219, 'Yocoima', 66),
(220, 'Cedeño', 67),
(221, 'Altagracia', 67),
(222, 'Ascensión Farreras', 67),
(223, 'Guaniamo', 67),
(224, 'La Urbana', 67),
(225, 'Pijiguaos', 67),
(226, 'El Callao', 68),
(227, 'Gran Sabana', 69),
(228, 'Ikabarú', 69),
(229, 'Agua Salada', 70),
(230, 'Catedral', 70),
(231, 'José Antonio Páez', 70),
(232, 'La Sabanita', 70),
(233, 'Marhuanta', 70),
(234, 'Vista Hermosa', 70),
(235, 'Orinoco', 70),
(236, 'Panapana', 70),
(237, 'Zea', 70),
(238, 'Piar', 71),
(239, 'Andrés Eloy Blanco', 71),
(240, 'Pedro Cova', 71),
(241, 'Raúl Leoni', 72),
(242, 'Barceloneta', 72),
(243, 'San Francisco', 72),
(244, 'Santa Bárbara', 72),
(245, 'Roscio', 73),
(246, 'Salom', 73),
(247, 'Sifontes', 74),
(248, 'Dalla Costa', 74),
(249, 'San Isidro', 74),
(250, 'Sucre', 75),
(251, 'Aripao', 75),
(252, 'Guarataro', 75),
(253, 'Las Majadas', 75),
(254, 'Moitaco', 75),
(255, 'Padre Pedro Chien (El Palmar);', 76),
(256, 'Bejuma', 77),
(257, 'Canoabo', 77),
(258, 'Simón Bolívar', 77),
(259, 'Güigüe', 78),
(260, 'Belén', 78),
(261, 'Tacarigua', 78),
(262, 'Aguas Calientes', 79),
(263, 'Mariara', 79),
(264, 'Ciudad Alianza', 80),
(265, 'Guacara', 80),
(266, 'Yagua', 80),
(267, 'Morón', 81),
(268, 'Urama', 81),
(269, 'Tocuyito', 82),
(270, 'Independencia', 82),
(271, 'Los Guayos', 83),
(272, 'Miranda', 84),
(273, 'Montalbán', 85),
(274, 'Naguanagua', 86),
(275, 'Bartolomé Salom', 87),
(276, 'Democracia', 87),
(277, 'Fraternidad', 87),
(278, 'Goaigoaza', 87),
(279, 'Juan José Flores', 87),
(280, 'Unión', 87),
(281, 'Borburata', 87),
(282, 'Patanemo', 87),
(283, 'San Diego', 88),
(284, 'San Joaquín', 89),
(285, 'Candelaria', 90),
(286, 'Catedral', 90),
(287, 'El Socorro', 90),
(288, 'Miguel Peña', 90),
(289, 'Rafael Urdaneta', 90),
(290, 'San Blas', 90),
(291, 'San José', 90),
(292, 'Santa Rosa', 90),
(293, 'Negro Primero', 90),
(294, 'Cojedes', 91),
(295, 'Juan de Mata Suárez', 91),
(296, 'Tinaquillo', 92),
(297, 'El Baúl', 93),
(298, 'Sucre', 93),
(299, 'Macapo', 94),
(300, 'La Aguadita', 94),
(301, 'El Pao', 95),
(302, 'Libertad de Cojedes', 96),
(303, 'El Amparo', 96),
(304, 'Rómulo Gallegos', 97),
(305, 'San Carlos de Austria', 98),
(306, 'Juan Angel Bravo', 98),
(307, 'Manuel Manrique', 98),
(308, 'General en Jefe José Laurencio Silva', 99),
(309, 'Curiapo', 100),
(310, 'Almirante Luis Brión', 100),
(311, 'Francisco Aniceto Lugo', 100),
(312, 'Manuel Renaud', 100),
(313, 'Padre Barral', 100),
(314, 'Santos de Abelgas', 100),
(315, 'Imataca', 101),
(316, 'Cinco de Julio', 101),
(317, 'Juan Bautista Arismendi', 101),
(318, 'Manuel Piar', 101),
(319, 'Rómulo Gallegos', 101),
(320, 'Pedernales', 102),
(321, 'Luis Beltrán Prieto Figueroa', 102),
(322, 'San José', 103),
(323, 'José Vidal Marcano', 103),
(324, 'Juan Millán', 103),
(325, 'Leonardo Ruíz Pineda', 103),
(326, 'Mariscal Antonio José de Sucre', 103),
(327, 'Monseñor Argimiro García', 103),
(328, 'San Rafael', 103),
(329, 'Virgen del Valle', 103),
(330, 'Altagracia', 104),
(331, 'Antímano', 104),
(332, 'Candelaria', 104),
(333, 'Caricuao', 104),
(334, 'Catedral', 104),
(335, 'Coche', 104),
(336, 'El Junquito', 104),
(337, 'El Paraíso', 104),
(338, 'El Recreo', 104),
(339, 'El Valle', 104),
(340, 'La Pastora', 104),
(341, 'La Vega', 104),
(342, 'Macarao', 104),
(343, 'San Agustín', 104),
(344, 'San Bernardino', 104),
(345, 'San José', 104),
(346, 'San Juan', 104),
(347, 'San Pedro', 104),
(348, 'Santa Rosalía', 104),
(349, 'Santa Teresa', 104),
(350, 'Sucre', 104),
(351, '23 de Enero', 104),
(352, 'San Juan de los Cayos', 105),
(353, 'Capadare', 105),
(354, 'La Pastora', 105),
(355, 'Libertador', 105),
(356, 'San Luis', 106),
(357, 'Aracua', 106),
(358, 'La Peña', 106),
(359, 'Capatárida', 107),
(360, 'Bariro', 107),
(361, 'Borojó', 107),
(362, 'Guajiro', 107),
(363, 'Seque', 107),
(364, 'Zazárida', 107),
(365, 'Cacique Manaure', 108),
(366, 'Carirubana', 109),
(367, 'Norte', 109),
(368, 'Punta Cardón', 109),
(369, 'Santa Ana', 109),
(370, 'La Vela de Coro', 110),
(371, 'Acurigua', 110),
(372, 'Guaibacoa', 110),
(373, 'Las Calderas', 110),
(374, 'Macoruca', 110),
(375, 'Dabajuro', 111),
(376, 'Pedregal', 112),
(377, 'Agua Clara', 112),
(378, 'Avaria', 112),
(379, 'Piedra Grande', 112),
(380, 'Purureche', 112),
(381, 'Pueblo Nuevo', 113),
(382, 'Adícora', 113),
(383, 'Baraived', 113),
(384, 'Buena Vista', 113),
(385, 'Jadacaquiva', 113),
(386, 'Moruy', 113),
(387, 'Adaure', 113),
(388, 'El Hato', 113),
(389, 'El Vínculo', 113),
(390, 'Churuguara', 114),
(391, 'Agua Larga', 114),
(392, 'El Paují', 114),
(393, 'Independencia', 114),
(394, 'Mapararí', 114),
(395, 'Jacura', 115),
(396, 'Agua Linda', 115),
(397, 'Araurima', 115),
(398, 'Los Taques', 116),
(399, 'Judibana', 116),
(400, 'Mene de Mauroa', 117),
(401, 'Casigua', 117),
(402, 'San Félix', 117),
(403, 'San Antonio', 118),
(404, 'San Gabriel', 118),
(405, 'Santa Ana', 118),
(406, 'Guzmán Guillermo', 118),
(407, 'Mitare', 118),
(408, 'Río Seco', 118),
(409, 'Sabaneta', 118),
(410, 'Chichiriviche', 119),
(411, 'Boca de Tocuyo', 119),
(412, 'Tocuyo de la Costa', 119),
(413, 'Palmasola', 120),
(414, 'Cabure', 121),
(415, 'Colina', 121),
(416, 'Curimagua', 121),
(417, 'Píritu', 122),
(418, 'San José de la Costa', 122),
(419, 'San Francisco', 123),
(420, 'Tucacas', 124),
(421, 'Boca de Aroa', 124),
(422, 'Sucre', 125),
(423, 'Pecaya', 125),
(424, 'Tocópero', 126),
(425, 'Santa Cruz de Bucaral', 127),
(426, 'El Charal', 127),
(427, 'Las Vegas del Tuy', 127),
(428, 'Urumaco', 128),
(429, 'Bruzual', 128),
(430, 'Puerto Cumarebo', 129),
(431, 'La Soledad', 129),
(432, 'Pueblo Cumarebo', 129),
(433, 'Zazárida', 129),
(434, 'Camaguán', 130),
(435, 'Puerto Miranda', 130),
(436, 'Uverito', 130),
(437, 'Chaguaramas', 131),
(438, 'El Socorro', 132),
(439, 'San Gerónimo de Guayabal', 133),
(440, 'Cazorla', 133),
(441, 'Valle de La Pascua', 134),
(442, 'Espino', 134),
(443, 'Las Mercedes', 135),
(444, 'Cabruta', 135),
(445, 'Santa Rita de Manapire', 135),
(446, 'El Sombrero', 136),
(447, 'Sosa', 136),
(448, 'Calabozo', 137),
(449, 'El Calvario', 137),
(450, 'El Rastro', 137),
(451, 'Guardatinajas', 137),
(452, 'Altagracia de Orituco', 138),
(453, 'Lezama', 138),
(454, 'Libertad de Orituco', 138),
(455, 'Paso Real de Macaira', 138),
(456, 'San Francisco de Macaira', 138),
(457, 'San Rafael de Orituco', 138),
(458, 'Soublette', 138),
(459, 'Ortiz', 139),
(460, 'San Francisco de Tiznados', 139),
(461, 'San José de Tiznados', 139),
(462, 'San Lorenzo de Tiznados', 139),
(463, 'Tucupido', 140),
(464, 'San Rafael de Laya', 140),
(465, 'San Juan de Los Morros', 141),
(466, 'Cantagallo', 141),
(467, 'Parapara', 141),
(468, 'San José de Guaribe', 142),
(469, 'Santa María de Ipire', 143),
(470, 'Altamira', 143),
(471, 'Zaraza', 144),
(472, 'San José de Unare', 144),
(473, 'Pío Tamayo', 145),
(474, 'Quebrada Honda de Guache', 145),
(475, 'Yacambú', 145),
(476, 'Fréitez', 146),
(477, 'José María Blanco', 146),
(478, 'Catedral', 147),
(479, 'Concepción', 147),
(480, 'El Cují', 147),
(481, 'Juan de Villegas', 147),
(482, 'Santa Rosa', 147),
(483, 'Tamaca', 147),
(484, 'Unión', 147),
(485, 'Aguedo Felipe Alvarado', 147),
(486, 'Buena Vista', 147),
(487, 'Juárez', 147),
(488, 'Juan Bautista Rodríguez', 148),
(489, 'Cuara', 148),
(490, 'Diego de Lozada', 148),
(491, 'Paraíso de San José', 148),
(492, 'San Miguel', 148),
(493, 'Tintorero', 148),
(494, 'José Bernardo Dorante', 148),
(495, 'Coronel Mariano Peraza', 148),
(496, 'Bolívar', 149),
(497, 'Anzoátegui', 149),
(498, 'Guárico', 149),
(499, 'Hilario Luna y Luna', 149),
(500, 'Humocaro Alto', 149),
(501, 'Humocaro Bajo', 149),
(502, 'La Candelaria', 149),
(503, 'Morán', 149),
(504, 'Cabudare', 150),
(505, 'José Gregorio Bastidas', 150),
(506, 'Agua Viva', 150),
(507, 'Sarare', 151),
(508, 'Buría', 151),
(509, 'Gustavo Vegas León', 151),
(510, 'Trinidad Samuel', 152),
(511, 'Antonio Díaz', 152),
(512, 'Camacaro', 152),
(513, 'Castañeda', 152),
(514, 'Cecilio Zubillaga', 152),
(515, 'Chiquinquirá', 152),
(516, 'El Blanco', 152),
(517, 'Espinoza de los Monteros', 152),
(518, 'Lara', 152),
(519, 'Las Mercedes', 152),
(520, 'Manuel Morillo', 152),
(521, 'Montaña Verde', 152),
(522, 'Montes de Oca', 152),
(523, 'Torres', 152),
(524, 'Heriberto Arroyo', 152),
(525, 'Reyes Vargas', 152),
(526, 'Altagracia', 152),
(527, 'Siquisique', 153),
(528, 'Moroturo', 153),
(529, 'San Miguel', 153),
(530, 'Xaguas', 153),
(531, 'Presidente Betancourt', 154),
(532, 'Presidente Páez', 154),
(533, 'Presidente Rómulo Gallegos', 154),
(534, 'Gabriel Picón González', 154),
(535, 'Héctor Amable Mora', 154),
(536, 'José Nucete Sardi', 154),
(537, 'Pulido Méndez', 154),
(538, 'Andrés Bello (La Azulita);', 155),
(539, 'Antonio Pinto Salinas', 156),
(540, 'Mesa Bolíva', 156),
(541, 'Mesa de Las Palmas', 156),
(542, 'Aricagua', 157),
(543, 'San Antonio', 157),
(544, 'Arzobispo Chacón', 158),
(545, 'Capurí', 158),
(546, 'Chacantá', 158),
(547, 'El Molino', 158),
(548, 'Guaimaral', 158),
(549, 'Mucutuy', 158),
(550, 'Mucuchachí', 158),
(551, 'Fernández Peña', 159),
(552, 'Matriz', 159),
(553, 'Montalbán', 159),
(554, 'Acequias', 159),
(555, 'Jají', 159),
(556, 'La Mesa', 159),
(557, 'San José del Sur', 159),
(558, 'Caracciolo Parra Olmedo', 160),
(559, 'Florencio Ramírez', 160),
(560, 'Cardenal Quintero', 161),
(561, 'Las Piedras', 161),
(562, 'Guaraque', 162),
(563, 'Mesa de Quintero', 162),
(564, 'Río Negro', 162),
(565, 'Julio César Salas', 163),
(566, 'Palmira', 163),
(567, 'Justo Briceño', 164),
(568, 'San Cristóbal de Torondoy', 164),
(569, 'Antonio Spinetti Dini', 165),
(570, 'Arias', 165),
(571, 'Caracciolo Parra Pérez', 165),
(572, 'Domingo Peña', 165),
(573, 'El Llano', 165),
(574, 'Gonzalo Picón Febres', 165),
(575, 'Jacinto Plaza', 165),
(576, 'Juan Rodríguez Suárez', 165),
(577, 'Lasso de la Vega', 165),
(578, 'Mariano Picón Salas', 165),
(579, 'Milla', 165),
(580, 'Osuna Rodríguez', 165),
(581, 'Sagrario', 165),
(582, 'El Morro', 165),
(583, 'Los Nevados', 165),
(584, 'Miranda', 166),
(585, 'Andrés Eloy Blanco', 166),
(586, 'La Venta', 166),
(587, 'Piñango', 166),
(588, 'Obispo Ramos de Lora', 167),
(589, 'Eloy Paredes', 167),
(590, 'San Rafael de Alcázar', 167),
(591, 'Padre Noguera (Santa María de Caparo);', 168),
(592, 'Pueblo Llano', 169),
(593, 'Rangel', 170),
(594, 'Cacute', 170),
(595, 'La Toma', 170),
(596, 'Mucurubá', 170),
(597, 'San Rafael', 170),
(598, 'Rivas Dávila', 171),
(599, 'Gerónimo Maldonado', 171),
(600, 'Santos Marquina (Tabay);', 172),
(601, 'Sucre', 173),
(602, 'Chiguará', 173),
(603, 'Estánquez', 173),
(604, 'La Trampa', 173),
(605, 'Pueblo Nuevo del Sur', 173),
(606, 'San Juan', 173),
(607, 'El Amparo', 174),
(608, 'El Llano', 174),
(609, 'San Francisco', 174),
(610, 'Tovar">Tovar', 174),
(611, 'Tulio Febres Cordero', 175),
(612, 'Independencia', 175),
(613, 'María de la Concepción Palacios Blanco', 175),
(614, 'Santa Apolonia', 175),
(615, 'Zea', 176),
(616, 'Caño El Tigre', 176),
(617, 'Caucagua', 177),
(618, 'Aragüita', 177),
(619, 'Arévalo González', 177),
(620, 'Capaya', 177),
(621, 'El Café', 177),
(622, 'Marizapa', 177),
(623, 'Panaquire', 177),
(624, 'Ribas', 177),
(625, 'San José de Barlovento', 178),
(626, 'Cumbo', 178),
(627, 'Baruta', 179),
(628, 'El Cafetal', 179),
(629, 'Las Minas de Baruta', 179),
(630, 'Higuerote', 180),
(631, 'Curiepe', 180),
(632, 'Tacarigua', 180),
(633, 'Mamporal', 181),
(634, 'Carrizal', 182),
(635, 'Chacao', 183),
(636, 'Charallave', 184),
(637, 'Las Brisas', 184),
(638, 'El Hatillo', 185),
(639, 'Los Teques', 186),
(640, 'Altagracia de La Montaña', 186),
(641, 'Cecilio Acosta', 186),
(642, 'El Jarillo', 186),
(643, 'Paracotos', 186),
(644, 'San Pedro', 186),
(645, 'Tácata', 186),
(646, 'Santa Teresa del Tuy', 187),
(647, 'El Cartanal', 187),
(648, 'Ocumare del Tuy', 188),
(649, 'La Democracia', 188),
(650, 'Santa Bárbara', 188),
(651, 'San Antonio de Los Altos', 189),
(652, 'Río Chico', 190),
(653, 'El Guapo', 190),
(654, 'Tacarigua de La Laguna', 190),
(655, 'Paparo', 190),
(656, 'San Fernando del Guapo', 190),
(657, 'Santa Lucía', 191),
(658, 'Cúpira', 192),
(659, 'Machurucuto', 192),
(660, 'Guarenas', 193),
(661, 'San Francisco de Yare', 194),
(662, 'San Antonio de Yare', 194),
(663, 'Petare', 195),
(664, 'Caucagüita', 195),
(665, 'Fila de Mariches', 195),
(666, 'La Dolorita', 195),
(667, 'Cúa', 196),
(668, 'Nueva Cúa', 196),
(669, 'Guatire', 197),
(670, 'Bolívar', 197),
(671, 'Acosta (San Antonio);', 199),
(672, 'San Francisco', 199),
(673, 'Aguasay', 200),
(674, 'Bolívar(Caripito);', 201),
(675, 'Caripe', 202),
(676, 'El Guácharo', 202),
(677, 'La Guanota', 202),
(678, 'Sabana de Piedra', 202),
(679, 'San Agustín', 202),
(680, 'Teresén', 202),
(681, 'Cedeño (Caicara);', 203),
(682, 'Areo', 203),
(683, 'San Félix', 203),
(684, 'Viento Fresco', 203),
(685, 'Ezequiel Zamora (Punta de Mata);', 204),
(686, 'El Tejero', 204),
(687, 'Libertador (Temblador);', 205),
(688, 'Chaguaramas', 205),
(689, 'Las Alhuacas', 205),
(690, 'Tabasca', 205),
(691, 'Maturín', 206),
(692, 'Alto de los Godos', 206),
(693, 'Boquerón', 206),
(694, 'Las Cocuizas', 206),
(695, 'San Simón', 206),
(696, 'Santa Cruz', 206),
(697, 'El Corozo', 206),
(698, 'El Furrial', 206),
(699, 'Jusepín', 206),
(700, 'La Pica', 206),
(701, 'San Vicente', 206),
(702, 'Piar (Aragua);', 207),
(703, 'Aparicio', 207),
(704, 'Chaguaramal', 207),
(705, 'El Pinto', 207),
(706, 'Guanaguana', 207),
(707, 'La Toscana', 207),
(708, 'Taguaya', 207),
(709, 'Punceres (Quiriquire);', 208),
(710, 'Cachipo', 208),
(711, 'Santa Bárbara', 209),
(712, 'Sotillo (Barrancas);', 210),
(713, 'Los Barrancos de Fajardo', 210),
(714, 'Uracoa', 211),
(715, 'Antolín del Campo (La Plaza de Paraguach', 212),
(716, 'Arismendi (La Asunción);', 213),
(717, 'Díaz (San Juan Bautista);', 214),
(718, 'Zabala', 214),
(719, 'García (El Valle del Espíritu Santo);', 215),
(720, 'Francisco Fajardo', 215),
(721, 'Gómez (Santa Ana);', 216),
(722, 'Bolívar', 216),
(723, 'Guevara', 216),
(724, 'Matasiete', 216),
(725, 'Sucre', 216),
(726, 'Maneiro (Pampar);', 217),
(727, 'Aguirre', 217),
(728, 'Marcano (Juangriego);', 218),
(729, 'Adrián', 218),
(730, 'Mariño (Porlamar);', 219),
(731, '1-Península de Macanao (Boca del Río);">', 220),
(732, '2-San Francisco">San Francisco', 220),
(733, '1-Tubores (Punta de Piedras);">Tubores (', 221),
(734, '2-Los Barales">Los Barales', 221),
(735, '1-Villalba (San Pedro de Coche);">Villal', 222),
(736, '2-Vicente Fuentes">Vicente Fuentes', 222),
(737, 'Agua Blanca', 223),
(738, 'Araure', 224),
(739, 'Río Acarigua', 224),
(740, 'Esteller', 225),
(741, 'Uveral', 225),
(742, 'Guanare', 226),
(743, 'Córdoba', 226),
(744, 'San José de la Montaña', 226),
(745, 'San Juan de Guanaguanare', 226),
(746, 'Virgen de la Coromoto', 226),
(747, 'Guanarito', 227),
(748, 'Trinidad de la Capilla', 227),
(749, 'Divina Pastora', 227),
(750, 'Monseñor José Vicente de Unda', 228),
(751, 'Peña Blanca', 228),
(752, 'Ospino', 229),
(753, 'Aparición', 229),
(754, 'La Estación', 229),
(755, 'Páez', 230),
(756, 'Payara', 230),
(757, 'Pimpinela', 230),
(758, 'Ramón Peraza', 230),
(759, 'Papelón', 231),
(760, 'Caño Delgadito', 231),
(761, 'San Genaro de Boconoito', 232),
(762, 'Antolín Tovar', 232),
(763, 'San Rafael de Onoto', 233),
(764, 'Santa Fe', 233),
(765, 'Thermo Morles', 233),
(766, 'Santa Rosalía', 234),
(767, 'Florida', 234),
(768, 'Sucre', 235),
(769, 'Concepción', 235),
(770, 'San Rafael de Palo Alzado', 235),
(771, 'Uvencio Antonio Velásquez', 235),
(772, 'San José de Saguaz', 235),
(773, 'Villa Rosa', 235),
(774, 'Turén', 236),
(775, 'Canelones', 236),
(776, 'Santa Cruz', 236),
(777, 'San Isidro Labrador', 236),
(778, 'Mariño', 237),
(779, 'Rómulo Gallegos', 237),
(780, 'San José de Aerocuar', 238),
(781, 'Tavera Acosta', 238),
(782, 'Río Caribe', 239),
(783, 'Antonio José de Sucre', 239),
(784, 'El Morro de Puerto Santo', 239),
(785, 'Puerto Santo', 239),
(786, 'San Juan de Las Galdonas', 239),
(787, 'El Pilar', 240),
(788, 'El Rincón', 240),
(789, 'General Francisco Antonio Vásquez', 240),
(790, 'Guaraúnos', 240),
(791, 'Tunapuicito', 240),
(792, 'Unión', 240),
(793, 'Bolívar', 241),
(794, 'Macarapana', 241),
(795, 'Santa Catalina', 241),
(796, 'Santa Rosa', 241),
(797, 'Santa Teresa', 241),
(798, 'Bolívar', 242),
(799, 'Yaguaraparo', 243),
(800, 'El Paujil', 243),
(801, 'Libertad', 243),
(802, 'Araya', 244),
(803, 'Chacopata', 244),
(804, 'Manicuare', 244),
(805, 'Tunapuy', 245),
(806, 'Campo Elías', 245),
(807, 'Irapa', 246),
(808, 'Campo Claro', 246),
(809, 'Marabal', 246),
(810, 'San Antonio de Irapa', 246),
(811, 'Soro', 246),
(812, 'Mejía', 247),
(813, 'Cumanacoa', 248),
(814, 'Arenas', 248),
(815, 'Aricagua', 248),
(816, 'Cocollar', 248),
(817, 'San Fernando', 248),
(818, 'San Lorenzo', 248),
(819, 'Villa Frontado (Muelle de Cariaco);', 249),
(820, 'Catuaro', 249),
(821, 'Rendón', 249),
(822, 'Santa Cruz', 249),
(823, 'Santa María', 249),
(824, 'Altagracia', 250),
(825, 'Ayacucho', 250),
(826, 'Santa Inés', 250),
(827, 'Valentín Valiente', 250),
(828, 'San Juan', 250),
(829, 'Raúl Leoni', 250),
(830, 'Santa Fe', 250),
(831, '>Güiria', 251),
(832, 'Bideau', 251),
(833, 'Cristóbal Colón', 251),
(834, 'Punta de Piedras', 251),
(835, 'Andrés Bello', 252),
(836, 'Antonio Rómulo Costa', 253),
(837, 'Ayacucho', 254),
(838, 'Rivas Berti', 254),
(839, 'San Pedro del Río', 254),
(840, 'Bolívar', 255),
(841, 'Palotal', 255),
(842, 'Juan Vicente Gómez', 255),
(843, 'Isaías Medina Angarita', 255),
(844, 'Cárdenas', 256),
(845, 'Amenodoro Rangel Lamús', 256),
(846, 'La Florida', 256),
(847, 'Córdoba', 257),
(848, 'Fernández Feo', 258),
(849, 'Alberto Adriani', 258),
(850, 'Santo Domingo', 258),
(851, 'Francisco de Miranda', 259),
(852, 'García de Hevia', 260),
(853, 'Boca de Grita', 260),
(854, 'José Antonio Páez', 260),
(855, 'Guásimos', 261),
(856, 'Independencia', 262),
(857, 'Juan Germán Roscio', 262),
(858, 'Román Cárdenas', 262),
(859, 'Jáuregui', 263),
(860, 'Emilio Constantino Guerrero', 263),
(861, 'Monseñor Miguel Antonio Salas', 263),
(862, 'José María Vargas', 264),
(863, 'Junín', 265),
(864, 'La Petrólea', 265),
(865, 'Quinimarí', 265),
(866, 'Bramón', 265),
(867, 'Libertad', 266),
(868, 'Cipriano Castro', 266),
(869, 'Manuel Felipe Rugeles', 266),
(870, 'Libertador', 267),
(871, 'Emeterio Ochoa', 267),
(872, 'Doradas', 267),
(873, 'San Joaquín de Navay', 267),
(874, 'Lobatera', 268),
(875, 'Constitución', 268),
(876, 'Michelena', 269),
(877, 'Panamericano', 270),
(878, 'La Palmita', 270),
(879, 'Pedro María Ureña', 271),
(880, 'Nueva Arcadia', 271),
(881, 'Rafael Urdaneta', 272),
(882, 'Samuel Darío Maldonado', 273),
(883, 'Boconó', 273),
(884, 'Hernández', 273),
(885, 'La Concordia', 274),
(886, 'Pedro María Morantes', 274),
(887, 'San Juan Bautista', 274),
(888, 'San Sebastián', 274),
(889, 'Dr. Francisco Romero Lobo', 274),
(890, 'Seboruco', 275),
(891, 'Simón Rodríguez', 276),
(892, 'Sucre', 277),
(893, 'Eleazar López Contreras', 277),
(894, 'San Pablo', 277),
(895, 'Torbes', 278),
(896, 'Uribante', 279),
(897, 'Cárdenas', 279),
(898, 'Juan Pablo Peñaloza', 279),
(899, 'Potosí', 279),
(900, 'San Judas Tadeo', 280),
(901, 'Santa Isabel', 281),
(902, 'Araguaney', 281),
(903, 'El Jagüito', 281),
(904, 'La Esperanza', 281),
(905, 'Boconó', 282),
(906, 'El Carmen', 282),
(907, 'Mosquey', 282),
(908, 'Ayacucho', 282),
(909, 'Burbusay', 282),
(910, 'General Rivas', 282),
(911, 'Guaramacal', 282),
(912, 'Vega de Guaramacal', 282),
(913, 'Monseñor Jáuregui', 282),
(914, 'Rafael Rangel', 282),
(915, 'San Miguel', 282),
(916, 'San José', 282),
(917, 'Sabana Grande', 283),
(918, 'Cheregüé', 283),
(919, 'Granados', 283),
(920, 'Chejendé', 284),
(921, 'Arnoldo Gabaldón', 284),
(922, 'Bolivia', 284),
(923, 'Carrillo', 284),
(924, 'Cegarra', 284),
(925, 'Manuel Salvador Ulloa', 284),
(926, 'San José', 284),
(927, 'Carache', 285),
(928, 'Cuicas', 285),
(929, 'La Concepción', 285),
(930, 'Panamericana', 285),
(931, 'Santa Cruz', 285),
(932, 'Escuque', 286),
(933, 'La Unión', 286),
(934, 'Sabana Libre', 286),
(935, 'Santa Rita', 286),
(936, 'El Socorro', 287),
(937, 'Antonio José de Sucre', 287),
(938, 'Los Caprichos', 287),
(939, 'Campo Elías', 288),
(940, 'Arnoldo Gabaldón', 288),
(941, 'Santa Apolonia', 289),
(942, 'El Progreso', 289),
(943, 'La Ceiba', 289),
(944, 'Tres de Febrero', 289),
(945, 'El Dividive', 290),
(946, 'Agua Santa', 290),
(947, 'Agua Caliente', 290),
(948, 'El Cenizo', 290),
(949, 'Valerita', 290),
(950, 'Monte Carmelo', 291),
(951, 'Buena Vista', 291),
(952, 'Santa María del Horcón', 291),
(953, 'Motatán', 292),
(954, 'El Baño', 292),
(955, 'Jalisco', 292),
(956, 'Pampán', 292),
(957, 'Flor de Patria', 293),
(958, 'La Paz', 293),
(959, 'Santa Ana', 293),
(960, 'Pampanito', 294),
(961, 'La Concepción', 294),
(962, 'Pampanito II', 294),
(963, 'Betijoque', 295),
(964, 'La Pueblita', 295),
(965, 'Los Cedros', 295),
(966, 'José Gregorio Hernández', 295),
(967, 'Carvajal', 296),
(968, 'Antonio Nicolás Briceño', 296),
(969, 'Campo Alegre', 296),
(970, 'José Leonardo Suárez', 296),
(971, 'Sabana de Mendoza', 297),
(972, 'El Paraíso', 297),
(973, 'Junín', 297),
(974, 'Valmore Rodríguez', 297),
(975, 'Andrés Linares', 298),
(976, 'Chiquinquirá', 298),
(977, 'Cristóbal Mendoza', 298),
(978, 'Cruz Carrillo', 298),
(979, 'Matriz', 298),
(980, 'Monseñor Carrillo', 298),
(981, 'Tres Esquinas', 298),
(982, 'La Quebrada', 299),
(983, 'Cabimbú', 299),
(984, 'Jajó', 299),
(985, 'La Mesa', 299),
(986, 'Santiago', 299),
(987, 'Tuñame', 299),
(988, 'Juan Ignacio Montilla', 300),
(989, 'La Beatriz', 300),
(990, 'Mercedes Díaz', 300),
(991, 'San Luis', 300),
(992, 'La Puerta', 300),
(993, 'Mendoza', 300),
(994, 'Caraballeda', 301),
(995, 'Carayaca', 301),
(996, 'Caruao', 301),
(997, 'Catia La Mar', 301),
(998, 'El Junko', 301),
(999, 'La Guaira', 301),
(1000, 'Macuto', 301),
(1001, 'Maiquetía', 301),
(1002, 'Naiguatá', 301),
(1003, 'Raúl Leoni', 301),
(1004, 'Carlos Soublette', 301),
(1005, 'Arístides Bastidas', 302),
(1006, 'Bolívar', 303),
(1007, 'Bruzual', 304),
(1008, 'Campo Elías', 304),
(1009, 'Cocorote', 305),
(1010, 'Independencia', 306),
(1011, 'José Antonio Páez', 307),
(1012, 'La Trinidad', 308),
(1013, 'Manuel Monge', 309),
(1014, 'Nirgua', 310),
(1015, 'Salom', 310),
(1016, 'Temerla', 310),
(1017, 'Peña', 311),
(1018, 'San Andrés', 311),
(1019, 'San Felipe', 312),
(1020, 'Albarico', 312),
(1021, 'San Javier', 312),
(1022, 'Sucre', 313),
(1023, 'Urachiche', 314),
(1024, 'Veroes', 315),
(1025, 'El Guayabo', 315),
(1026, 'Isla de Toas', 316),
(1027, 'Monagas', 316),
(1028, 'San Timoteo', 317),
(1029, 'General Urdaneta', 317),
(1030, 'Libertador', 317),
(1031, 'Manuel Guanipa Matos', 317),
(1032, 'Marcelino Briceño', 317),
(1033, 'Pueblo Nuevo', 317),
(1034, 'Ambrosio', 318),
(1035, 'Carmen Herrera', 318),
(1036, 'Germán Ríos Linares', 318),
(1037, 'La Rosa', 318),
(1038, 'Jorge Hernández', 318),
(1039, 'Rómulo Betancourt', 318),
(1040, 'San Benito', 318),
(1041, 'Arístides Calvani', 318),
(1042, 'Punta Gorda', 318),
(1043, 'Encontrados', 319),
(1044, 'Udón Pérez', 319),
(1045, 'San Carlos del Zulia', 320),
(1046, 'Moralito', 320),
(1047, 'Santa Bárbara', 320),
(1048, 'Santa Cruz del Zulia', 320),
(1049, 'Urribarri', 320),
(1050, 'Simón Rodríguez', 321),
(1051, 'Carlos Quevedo', 321),
(1052, 'Francisco Javier Pulgar', 321),
(1053, 'La Concepción', 322),
(1054, 'José Ramón Yepes', 322),
(1055, 'Mariano Parra León', 322),
(1056, 'San José', 322),
(1057, 'Jesús María Semprún', 323),
(1058, 'Barí', 323),
(1059, 'Concepción', 324),
(1060, 'Andrés Bello', 324),
(1061, 'Chiquinquirá', 324),
(1062, 'El Carmelo', 324),
(1063, 'Potreritos', 324),
(1064, 'Patanemo', 324),
(1065, 'Alonso de Ojeda', 325),
(1066, 'Libertad', 325),
(1067, 'Campo Lara', 325),
(1068, 'Eleazar López Contreras', 325),
(1069, 'Venezuela', 325),
(1070, 'Libertad', 326),
(1071, 'Bartolomé de las Casas', 326),
(1072, 'Río Negro', 326),
(1073, 'San José de Perijá', 326),
(1074, 'San Rafael', 327),
(1075, 'La Sierrita', 327),
(1076, 'Las Parcelas', 327),
(1077, 'Luis de Vicente', 327),
(1078, 'Monseñor Marcos Sergio Godoy', 327),
(1079, 'Ricaurte', 327),
(1080, 'Tamare', 327),
(1081, 'Antonio Borjas Romero', 328),
(1082, 'Bolívar', 328),
(1083, 'Cacique Mara', 328),
(1084, 'Caracciolo Parra Pérez', 328),
(1085, 'Cecilio Acosta', 328),
(1086, 'Cristo de Aranza', 328),
(1087, 'Coquivacoa', 328),
(1088, 'Chiquinquirá', 328),
(1089, 'Francisco Eugenio Bustamante', 328),
(1090, 'Idelfonso Vásquez', 328),
(1091, 'Juana de Avila', 328),
(1092, 'Luis Hurtado Higuera', 328),
(1093, 'Manuel Dagnino', 328),
(1094, 'Olegario Villalobos', 328),
(1095, 'Raúl Leoni', 328),
(1096, 'Santa Lucía', 328),
(1097, 'Venancio Pulgar', 328),
(1098, 'San Isidro', 328),
(1099, 'Altagracia', 329),
(1100, 'Ana María Campos', 329),
(1101, 'Faría', 329),
(1102, 'San Antonio', 329),
(1103, 'San José', 329),
(1104, 'Sinamaica', 330),
(1105, 'Alta Guajira', 330),
(1106, 'Elías Sánchez Rubio', 330),
(1107, 'Guajira', 330),
(1108, 'El Rosario', 331),
(1109, 'Donaldo García', 331),
(1110, 'Sixto Zambrano', 331),
(1111, 'San Francisco', 332),
(1112, 'El Bajo', 332),
(1113, 'Domitila Flores', 332),
(1114, 'Francisco Ochoa', 332),
(1115, 'Los Cortijos', 332),
(1116, 'Marcial Hernández', 332),
(1117, 'Santa Rita', 333),
(1118, 'El Mene', 333),
(1119, 'José Cenovio Urribarri', 333),
(1120, 'Pedro Lucas Urribarri', 333),
(1121, 'Manuel Manrique', 334),
(1122, 'Rafael María Baralt', 334),
(1123, 'Rafael Urdaneta', 334),
(1124, 'Bobures', 335),
(1125, 'El Batey', 335),
(1126, 'Gibraltar', 335),
(1127, 'Heras', 335),
(1128, 'Monseñor Arturo Celestino Alvarez', 335),
(1129, 'Rómulo Gallegos', 335),
(1130, 'La Victoria', 336),
(1131, 'Rafael Urdaneta', 336),
(1132, 'Raúl Cuenca', 336);

-- --------------------------------------------------------

--
-- Estructura de tabla para la tabla `ParticipanteCurso`
--

CREATE TABLE IF NOT EXISTS `ParticipanteCurso` (
  `cedula_persona` varchar(8) NOT NULL,
  `id_curso` int(11) NOT NULL,
  `nota` double NOT NULL,
  PRIMARY KEY (`cedula_persona`,`id_curso`),
  KEY `id_curso` (`id_curso`)
) ENGINE=InnoDB DEFAULT CHARSET=latin1;

-- --------------------------------------------------------

--
-- Estructura de tabla para la tabla `Persona`
--

CREATE TABLE IF NOT EXISTS `Persona` (
  `cedula` varchar(8) NOT NULL,
  `nombre` varchar(30) DEFAULT NULL,
  `apellido` varchar(30) DEFAULT NULL,
  `tlf` varchar(11) DEFAULT NULL,
  `correo` varchar(50) DEFAULT NULL,
  `nivel` int(1) DEFAULT NULL,
  `pass` varchar(15) DEFAULT NULL,
  PRIMARY KEY (`cedula`),
  UNIQUE KEY `correo` (`correo`)
) ENGINE=InnoDB DEFAULT CHARSET=latin1;

--
-- Volcado de datos para la tabla `Persona`
--

INSERT INTO `Persona` (`cedula`, `nombre`, `apellido`, `tlf`, `correo`, `nivel`, `pass`) VALUES
('11234567', 'Maria', 'Palacios', '02127845122', 'algun_correo@gmail.com', 0, 'NULL'),
('12345678', 'Pedro', 'Perez', '04263050281', 'mi_correo@gmail.com', 3, '123'),
('23723245', 'Luis', 'Martinez', '123123123', 'sucorreo@sucorreo.com', 0, 'NULL');

-- --------------------------------------------------------

--
-- Estructura de tabla para la tabla `PuntoLibre`
--

CREATE TABLE IF NOT EXISTS `PuntoLibre` (
  `id` int(11) NOT NULL AUTO_INCREMENT,
  `nombre` varchar(30) NOT NULL,
  `cod_postal` int(11) NOT NULL,
  `capacidad` int(11) NOT NULL,
  `cedula_encargado` varchar(8) NOT NULL,
  `id_parroquia` int(11) NOT NULL,
  `id_inventario` int(11) NOT NULL,
  PRIMARY KEY (`id`),
  KEY `id_parroquia` (`id_parroquia`),
  KEY `cedula_encargado` (`cedula_encargado`)
) ENGINE=InnoDB  DEFAULT CHARSET=latin1 AUTO_INCREMENT=9 ;

--
-- Volcado de datos para la tabla `PuntoLibre`
--

INSERT INTO `PuntoLibre` (`id`, `nombre`, `cod_postal`, `capacidad`, `cedula_encargado`, `id_parroquia`, `id_inventario`) VALUES
(8, 'Centro', 5101, 15, '12345678', 579, 0);

-- --------------------------------------------------------

--
-- Estructura de tabla para la tabla `Soporte`
--

CREATE TABLE IF NOT EXISTS `Soporte` (
  `id` int(11) NOT NULL AUTO_INCREMENT,
  `serial` varchar(30) NOT NULL,
  `modelo` varchar(30) NOT NULL,
  `ram` varchar(6) NOT NULL,
  `disco_duro` varchar(6) NOT NULL,
  `nota` text NOT NULL,
  `tipo` int(1) NOT NULL,
  `fecha_recibido` date NOT NULL,
  `hora_recibido` time NOT NULL,
  `fecha_entrega` date NOT NULL,
  `cedula_solicitante` varchar(8) NOT NULL,
  `cedula_recibe` varchar(8) NOT NULL,
  `id_punto_libre` int(11) NOT NULL,
  PRIMARY KEY (`id`),
  KEY `id_punto_libre` (`id_punto_libre`),
  KEY `cedula_recibe` (`cedula_recibe`),
  KEY `cedula_solicitante` (`cedula_solicitante`)
) ENGINE=InnoDB DEFAULT CHARSET=latin1 AUTO_INCREMENT=1 ;

-- --------------------------------------------------------

--
-- Estructura de tabla para la tabla `TrabajadorPuntoLibre`
--

CREATE TABLE IF NOT EXISTS `TrabajadorPuntoLibre` (
  `cedula_persona` varchar(8) NOT NULL,
  `id_punto_libre` int(11) NOT NULL,
  PRIMARY KEY (`cedula_persona`,`id_punto_libre`),
  KEY `id_punto_libre` (`id_punto_libre`)
) ENGINE=InnoDB DEFAULT CHARSET=latin1;

--
-- Restricciones para tablas volcadas
--

--
-- Filtros para la tabla `Asistencia`
--
ALTER TABLE `Asistencia`
  ADD CONSTRAINT `Asistencia_ibfk_1` FOREIGN KEY (`cedula_persona`) REFERENCES `Persona` (`cedula`),
  ADD CONSTRAINT `Asistencia_ibfk_2` FOREIGN KEY (`id_punto_libre`) REFERENCES `PuntoLibre` (`id`);

--
-- Filtros para la tabla `ContactoIpostel`
--
ALTER TABLE `ContactoIpostel`
  ADD CONSTRAINT `ContactoIpostel_ibfk_1` FOREIGN KEY (`id_punto_libre`) REFERENCES `PuntoLibre` (`id`),
  ADD CONSTRAINT `ContactoIpostel_ibfk_2` FOREIGN KEY (`cedula_persona`) REFERENCES `Persona` (`cedula`);

--
-- Filtros para la tabla `Curso`
--
ALTER TABLE `Curso`
  ADD CONSTRAINT `Curso_ibfk_1` FOREIGN KEY (`id_punto_libre`) REFERENCES `PuntoLibre` (`id`),
  ADD CONSTRAINT `Curso_ibfk_2` FOREIGN KEY (`cedula_instructor`) REFERENCES `Persona` (`cedula`);

--
-- Filtros para la tabla `Incidencia`
--
ALTER TABLE `Incidencia`
  ADD CONSTRAINT `Incidencia_ibfk_1` FOREIGN KEY (`id_punto_libre`) REFERENCES `PuntoLibre` (`id`);

--
-- Filtros para la tabla `Inventario`
--
ALTER TABLE `Inventario`
  ADD CONSTRAINT `Inventario_ibfk_1` FOREIGN KEY (`id_punto_libre`) REFERENCES `PuntoLibre` (`id`);

--
-- Filtros para la tabla `Municipio`
--
ALTER TABLE `Municipio`
  ADD CONSTRAINT `Municipio_ibfk_1` FOREIGN KEY (`id_estado`) REFERENCES `Estado` (`id`);

--
-- Filtros para la tabla `ParticipanteCurso`
--
ALTER TABLE `ParticipanteCurso`
  ADD CONSTRAINT `ParticipanteCurso_ibfk_1` FOREIGN KEY (`cedula_persona`) REFERENCES `Persona` (`cedula`),
  ADD CONSTRAINT `ParticipanteCurso_ibfk_2` FOREIGN KEY (`id_curso`) REFERENCES `Curso` (`id`);

--
-- Filtros para la tabla `PuntoLibre`
--
ALTER TABLE `PuntoLibre`
  ADD CONSTRAINT `PuntoLibre_ibfk_1` FOREIGN KEY (`id_parroquia`) REFERENCES `Parroquia` (`id`),
  ADD CONSTRAINT `PuntoLibre_ibfk_2` FOREIGN KEY (`cedula_encargado`) REFERENCES `Persona` (`cedula`);

--
-- Filtros para la tabla `Soporte`
--
ALTER TABLE `Soporte`
  ADD CONSTRAINT `Soporte_ibfk_1` FOREIGN KEY (`id_punto_libre`) REFERENCES `PuntoLibre` (`id`),
  ADD CONSTRAINT `Soporte_ibfk_2` FOREIGN KEY (`cedula_recibe`) REFERENCES `Persona` (`cedula`),
  ADD CONSTRAINT `Soporte_ibfk_3` FOREIGN KEY (`cedula_solicitante`) REFERENCES `Persona` (`cedula`);

--
-- Filtros para la tabla `TrabajadorPuntoLibre`
--
ALTER TABLE `TrabajadorPuntoLibre`
  ADD CONSTRAINT `TrabajadorPuntoLibre_ibfk_1` FOREIGN KEY (`cedula_persona`) REFERENCES `Persona` (`cedula`),
  ADD CONSTRAINT `TrabajadorPuntoLibre_ibfk_2` FOREIGN KEY (`id_punto_libre`) REFERENCES `PuntoLibre` (`id`);

/*!40101 SET CHARACTER_SET_CLIENT=@OLD_CHARACTER_SET_CLIENT */;
/*!40101 SET CHARACTER_SET_RESULTS=@OLD_CHARACTER_SET_RESULTS */;
/*!40101 SET COLLATION_CONNECTION=@OLD_COLLATION_CONNECTION */;
